{"511-594-641.jpg":{"algoVersion":1,"size":191497,"mtimeMs":1782825718478.5576,"box":{"trimTop":0.10694444444444444,"trimBot":0,"width":1280,"height":720}},"666-668-677.jpg":{"algoVersion":1,"size":122085,"mtimeMs":1782825748723.0627,"box":{"trimTop":0.3055555555555556,"trimBot":0,"width":1280,"height":720}},"283-335-357.jpg":{"algoVersion":1,"size":119420,"mtimeMs":1782825546007.0266,"box":null},"666-679-687.jpg":{"algoVersion":1,"size":128115,"mtimeMs":1782825759540.0664,"box":{"trimTop":0.10138888888888889,"trimBot":0,"width":1280,"height":720}},"511-581-584.jpg":{"algoVersion":1,"size":94603,"mtimeMs":1782825709466.4736,"box":{"trimTop":0.10138888888888889,"trimBot":0,"width":1280,"height":720}},"156-262-268.jpg":{"algoVersion":1,"size":107235,"mtimeMs":1782825492825.0312,"box":{"trimTop":0.08194444444444444,"trimBot":0,"width":1280,"height":720}},"403-418-428.jpg":{"algoVersion":1,"size":194743,"mtimeMs":1782825655948.9285,"box":null},"403-493-495.jpg":{"algoVersion":1,"size":287397,"mtimeMs":1782825664989.2585,"box":{"trimTop":0.5125,"trimBot":0,"width":1280,"height":720}},"283-385-403.jpg":{"algoVersion":1,"size":327126,"mtimeMs":1782825576883.5662,"box":{"trimTop":0.3527777777777778,"trimBot":0,"width":1280,"height":720}},"511-543-556.jpg":{"algoVersion":1,"size":82400,"mtimeMs":1782825703237.5186,"box":{"trimTop":0.28194444444444444,"trimBot":0,"width":1280,"height":720}},"156-242-257.jpg":{"algoVersion":1,"size":231893,"mtimeMs":1782825479161.7515,"box":{"trimTop":0.06111111111111111,"trimBot":0,"width":1280,"height":720}},"66-149-155.jpg":{"algoVersion":1,"size":155362,"mtimeMs":1782825427680.3313,"box":{"trimTop":0.10833333333333334,"trimBot":0,"width":1280,"height":720}},"66-86-90.jpg":{"algoVersion":1,"size":137254,"mtimeMs":1782825415474.566,"box":null},"283-292-328.jpg":{"algoVersion":1,"size":101585,"mtimeMs":1782825536119.0984,"box":{"trimTop":0.04861111111111111,"trimBot":0,"width":1280,"height":720}}}