{"585-777.jpg":{"algoVersion":1,"size":82556,"mtimeMs":1782402621546.9507,"box":{"trimTop":0.23194444444444445,"trimBot":0,"width":1280,"height":720}},"276-343.jpg":{"algoVersion":1,"size":72018,"mtimeMs":1782420386195.5398,"box":null},"276-435.jpg":{"algoVersion":1,"size":88824,"mtimeMs":1782420386830.9666,"box":null},"33-108.jpg":{"algoVersion":1,"size":63693,"mtimeMs":1782401281242.9624,"box":{"trimTop":0.3541666666666667,"trimBot":0,"width":1280,"height":720}},"585-672.jpg":{"algoVersion":1,"size":69772,"mtimeMs":1782402621177.9958,"box":null},"33-152.jpg":{"algoVersion":1,"size":115443,"mtimeMs":1782401281567.7107,"box":null},"276-354.jpg":{"algoVersion":1,"size":75380,"mtimeMs":1782420386510.9692,"box":null},"585-593.jpg":{"algoVersion":1,"size":66457,"mtimeMs":1782402620891.3528,"box":{"trimTop":0.019444444444444445,"trimBot":0.058333333333333334,"width":1280,"height":720}}}