{"42-53-58.jpg":{"algoVersion":1,"size":56684,"mtimeMs":1782760543891.4543,"box":{"trimTop":0.2902777777777778,"trimBot":0.03194444444444444,"width":1280,"height":720}},"42-66-70.jpg":{"algoVersion":1,"size":65089,"mtimeMs":1782760550035.9556,"box":{"trimTop":0.21944444444444444,"trimBot":0.03194444444444444,"width":1280,"height":720}},"42-71-82.jpg":{"algoVersion":1,"size":37857,"mtimeMs":1782760556271.9495,"box":{"trimTop":0.2972222222222222,"trimBot":0.03194444444444444,"width":1280,"height":720}},"0-17-27.jpg":{"algoVersion":1,"size":59687,"mtimeMs":1782761488752.5369,"box":{"trimTop":0.21388888888888888,"trimBot":0.03194444444444444,"width":1280,"height":720}},"0-32-42.jpg":{"algoVersion":1,"size":43007,"mtimeMs":1782761495252.0596,"box":{"trimTop":0.2152777777777778,"trimBot":0.03194444444444444,"width":1280,"height":720}},"0-4-14.jpg":{"algoVersion":1,"size":58398,"mtimeMs":1782761482764.5266,"box":{"trimTop":0.20277777777777778,"trimBot":0.03194444444444444,"width":1280,"height":720}},"82-101-104.jpg":{"algoVersion":1,"size":44789,"mtimeMs":1782761519232.896,"box":{"trimTop":0.22361111111111112,"trimBot":0.03194444444444444,"width":1280,"height":720}},"82-108-113.jpg":{"algoVersion":1,"size":47241,"mtimeMs":1782761525449.3047,"box":{"trimTop":0.26805555555555555,"trimBot":0.03194444444444444,"width":1280,"height":720}},"121-173-186.jpg":{"algoVersion":1,"size":53240,"mtimeMs":1782761568864.1104,"box":{"trimTop":0.24444444444444444,"trimBot":0.03194444444444444,"width":1280,"height":720}},"121-140-154.jpg":{"algoVersion":1,"size":45319,"mtimeMs":1782761562580.5554,"box":{"trimTop":0.23333333333333334,"trimBot":0.03194444444444444,"width":1280,"height":720}},"121-125-139.jpg":{"algoVersion":1,"size":47802,"mtimeMs":1782761556247.2703,"box":{"trimTop":0.22777777777777777,"trimBot":0.03194444444444444,"width":1280,"height":720}},"121-204-217.jpg":{"algoVersion":1,"size":47509,"mtimeMs":1782761574863.8403,"box":{"trimTop":0.2222222222222222,"trimBot":0.03194444444444444,"width":1280,"height":720}},"217-235-251.jpg":{"algoVersion":1,"size":66513,"mtimeMs":1782761639243.871,"box":{"trimTop":0.15833333333333333,"trimBot":0.03194444444444444,"width":1280,"height":720}},"217-276-284.jpg":{"algoVersion":1,"size":67978,"mtimeMs":1782761651054.5737,"box":{"trimTop":0.25972222222222224,"trimBot":0.03194444444444444,"width":1280,"height":720}},"217-303-313.jpg":{"algoVersion":1,"size":64669,"mtimeMs":1782761657145.7559,"box":{"trimTop":0.2833333333333333,"trimBot":0.03194444444444444,"width":1280,"height":720}},"217-258-267.jpg":{"algoVersion":1,"size":45815,"mtimeMs":1782761645222.4307,"box":{"trimTop":0.2,"trimBot":0.03194444444444444,"width":1280,"height":720}},"313-356-366.jpg":{"algoVersion":1,"size":57920,"mtimeMs":1782761712503.4587,"box":{"trimTop":0.20555555555555555,"trimBot":0.03194444444444444,"width":1280,"height":720}},"313-415-423.jpg":{"algoVersion":1,"size":48752,"mtimeMs":1782761719032.3552,"box":{"trimTop":0.21805555555555556,"trimBot":0.03194444444444444,"width":1280,"height":720}},"562-570-576.jpg":{"algoVersion":1,"size":50457,"mtimeMs":1782761745482.684,"box":{"trimTop":0.2263888888888889,"trimBot":0.03194444444444444,"width":1280,"height":720}}}