{"0-57-68.jpg":{"algoVersion":1,"size":44091,"mtimeMs":1782756311414.7236,"box":{"trimTop":0.22361111111111112,"trimBot":0.03194444444444444,"width":1280,"height":720}},"0-102-111.jpg":{"algoVersion":1,"size":58310,"mtimeMs":1782756319923.9536,"box":{"trimTop":0.2611111111111111,"trimBot":0.03194444444444444,"width":1280,"height":720}},"0-31-44.jpg":{"algoVersion":1,"size":58601,"mtimeMs":1782777002618.6892,"box":{"trimTop":0.23333333333333334,"trimBot":0.03194444444444444,"width":1280,"height":720}},"137-140-151.jpg":{"algoVersion":1,"size":55517,"mtimeMs":1782756314767.7834,"box":{"trimTop":0.22083333333333333,"trimBot":0.03194444444444444,"width":1280,"height":720}},"137-173-182.jpg":{"algoVersion":1,"size":59828,"mtimeMs":1782756323033.12,"box":{"trimTop":0.24722222222222223,"trimBot":0.03194444444444444,"width":1280,"height":720}},"137-190-196.jpg":{"algoVersion":1,"size":67701,"mtimeMs":1782756330286.804,"box":{"trimTop":0.20972222222222223,"trimBot":0.03194444444444444,"width":1280,"height":720}},"199-238-245.jpg":{"algoVersion":1,"size":60627,"mtimeMs":1782756384233.8098,"box":{"trimTop":0.26805555555555555,"trimBot":0.03194444444444444,"width":1280,"height":720}},"199-253-263.jpg":{"algoVersion":1,"size":59359,"mtimeMs":1782756390499.2517,"box":{"trimTop":0.24861111111111112,"trimBot":0.03194444444444444,"width":1280,"height":720}},"199-223-232.jpg":{"algoVersion":1,"size":50597,"mtimeMs":1782756377865.4524,"box":{"trimTop":0.21944444444444444,"trimBot":0.03194444444444444,"width":1280,"height":720}},"199-209-214.jpg":{"algoVersion":1,"size":65092,"mtimeMs":1782756371723.4604,"box":{"trimTop":0.24583333333333332,"trimBot":0.03194444444444444,"width":1280,"height":720}},"263-267-275.jpg":{"algoVersion":1,"size":40589,"mtimeMs":1782777128244.3357,"box":{"trimTop":0.19722222222222222,"trimBot":0.03194444444444444,"width":1280,"height":720}},"263-281-291.jpg":{"algoVersion":1,"size":52749,"mtimeMs":1782756446613.1372,"box":{"trimTop":0.23333333333333334,"trimBot":0.03194444444444444,"width":1280,"height":720}},"263-314-320.jpg":{"algoVersion":1,"size":54963,"mtimeMs":1782756452846.3782,"box":{"trimTop":0.25,"trimBot":0.03194444444444444,"width":1280,"height":720}},"337-368-379.jpg":{"algoVersion":1,"size":61417,"mtimeMs":1782756551572.7236,"box":{"trimTop":0.275,"trimBot":0.03194444444444444,"width":1280,"height":720}},"337-382-393.jpg":{"algoVersion":1,"size":60427,"mtimeMs":1782756557809.281,"box":{"trimTop":0.24583333333333332,"trimBot":0.03194444444444444,"width":1280,"height":720}},"407-426-437.jpg":{"algoVersion":1,"size":53404,"mtimeMs":1782777230743.8586,"box":{"trimTop":0.23472222222222222,"trimBot":0.03194444444444444,"width":1280,"height":720}},"407-409-421.jpg":{"algoVersion":1,"size":71723,"mtimeMs":1782756594725.7812,"box":{"trimTop":0.22361111111111112,"trimBot":0.03194444444444444,"width":1280,"height":720}},"407-439-452.jpg":{"algoVersion":1,"size":70518,"mtimeMs":1782756608245.3845,"box":{"trimTop":0.21388888888888888,"trimBot":0.03194444444444444,"width":1280,"height":720}},"479-515-522.jpg":{"algoVersion":1,"size":43560,"mtimeMs":1782756655716.556,"box":{"trimTop":0.23194444444444445,"trimBot":0.03194444444444444,"width":1280,"height":720}},"479-579-587.jpg":{"algoVersion":1,"size":53210,"mtimeMs":1782777288295.0615,"box":{"trimTop":0.19722222222222222,"trimBot":0.03194444444444444,"width":1280,"height":720}},"479-530-541.jpg":{"algoVersion":1,"size":62884,"mtimeMs":1782756662780.6316,"box":{"trimTop":0.25972222222222224,"trimBot":0.03194444444444444,"width":1280,"height":720}},"479-488-498.jpg":{"algoVersion":1,"size":67741,"mtimeMs":1782756649256.1274,"box":{"trimTop":0.1763888888888889,"trimBot":0.03194444444444444,"width":1280,"height":720}},"0-8-13.jpg":{"algoVersion":1,"size":54543,"mtimeMs":1782776996394.9102,"box":{"trimTop":0.20277777777777778,"trimBot":0.03194444444444444,"width":1280,"height":720}},"0-73-82.jpg":{"algoVersion":1,"size":67083,"mtimeMs":1782777009219.0342,"box":{"trimTop":0.2111111111111111,"trimBot":0.03194444444444444,"width":1280,"height":720}},"137-176-182.jpg":{"algoVersion":1,"size":59828,"mtimeMs":1782777047592.0508,"box":{"trimTop":0.24722222222222223,"trimBot":0.03194444444444444,"width":1280,"height":720}},"137-191-199.jpg":{"algoVersion":1,"size":67831,"mtimeMs":1782777054643.752,"box":{"trimTop":0.20833333333333334,"trimBot":0.03194444444444444,"width":1280,"height":720}},"137-140-154.jpg":{"algoVersion":1,"size":55517,"mtimeMs":1782777043570.1633,"box":{"trimTop":0.22083333333333333,"trimBot":0.03194444444444444,"width":1280,"height":720}},"199-237-244.jpg":{"algoVersion":1,"size":60508,"mtimeMs":1782777092589.208,"box":{"trimTop":0.26805555555555555,"trimBot":0.03194444444444444,"width":1280,"height":720}},"199-251-262.jpg":{"algoVersion":1,"size":60423,"mtimeMs":1782777098448.8538,"box":{"trimTop":0.25,"trimBot":0.03194444444444444,"width":1280,"height":720}},"199-222-231.jpg":{"algoVersion":1,"size":50597,"mtimeMs":1782777086428.7715,"box":{"trimTop":0.21944444444444444,"trimBot":0.03194444444444444,"width":1280,"height":720}},"199-203-213.jpg":{"algoVersion":1,"size":65092,"mtimeMs":1782777080125.2808,"box":{"trimTop":0.24583333333333332,"trimBot":0.03194444444444444,"width":1280,"height":720}},"263-285-291.jpg":{"algoVersion":1,"size":52749,"mtimeMs":1782777134263.6255,"box":{"trimTop":0.23333333333333334,"trimBot":0.03194444444444444,"width":1280,"height":720}},"263-315-320.jpg":{"algoVersion":1,"size":54963,"mtimeMs":1782777146709.4905,"box":{"trimTop":0.25,"trimBot":0.03194444444444444,"width":1280,"height":720}},"263-304-308.jpg":{"algoVersion":1,"size":62372,"mtimeMs":1782777140459.79,"box":{"trimTop":0.225,"trimBot":0.03194444444444444,"width":1280,"height":720}},"337-369-375.jpg":{"algoVersion":1,"size":61532,"mtimeMs":1782777183756.077,"box":{"trimTop":0.275,"trimBot":0.03194444444444444,"width":1280,"height":720}},"337-352-360.jpg":{"algoVersion":1,"size":61148,"mtimeMs":1782777177802.355,"box":{"trimTop":0.22916666666666666,"trimBot":0.03194444444444444,"width":1280,"height":720}},"337-397-402.jpg":{"algoVersion":1,"size":52953,"mtimeMs":1782777195366.4392,"box":{"trimTop":0.20416666666666666,"trimBot":0.03194444444444444,"width":1280,"height":720}},"337-383-393.jpg":{"algoVersion":1,"size":60427,"mtimeMs":1782777189500.4683,"box":{"trimTop":0.24583333333333332,"trimBot":0.03194444444444444,"width":1280,"height":720}},"407-473-478.jpg":{"algoVersion":1,"size":49918,"mtimeMs":1782777242558.6204,"box":{"trimTop":0.2652777777777778,"trimBot":0.03194444444444444,"width":1280,"height":720}},"407-446-452.jpg":{"algoVersion":1,"size":70518,"mtimeMs":1782777236597.5327,"box":{"trimTop":0.21388888888888888,"trimBot":0.03194444444444444,"width":1280,"height":720}},"479-480-493.jpg":{"algoVersion":1,"size":57870,"mtimeMs":1782777275800.416,"box":{"trimTop":0.18194444444444444,"trimBot":0.03194444444444444,"width":1280,"height":720}},"479-527-532.jpg":{"algoVersion":1,"size":59173,"mtimeMs":1782777282005.1838,"box":{"trimTop":0.2638888888888889,"trimBot":0.03194444444444444,"width":1280,"height":720}}}