{"69-125-132.jpg":{"algoVersion":1,"size":46168,"mtimeMs":1782667632448.652,"box":{"trimTop":0.20416666666666666,"trimBot":0.03194444444444444,"width":1280,"height":720}},"0-26-34.jpg":{"algoVersion":1,"size":43315,"mtimeMs":1782667703569.046,"box":{"trimTop":0.28194444444444444,"trimBot":0.03194444444444444,"width":1280,"height":720}},"0-0-8.jpg":{"algoVersion":1,"size":57285,"mtimeMs":1782667690155.3303,"box":{"trimTop":0.19444444444444445,"trimBot":0.03194444444444444,"width":1280,"height":720}},"69-76-80.jpg":{"algoVersion":1,"size":46698,"mtimeMs":1782667625795.3147,"box":{"trimTop":0.28055555555555556,"trimBot":0.03194444444444444,"width":1280,"height":720}},"34-47-57.jpg":{"algoVersion":1,"size":58672,"mtimeMs":1782667731749.3462,"box":{"trimTop":0.2263888888888889,"trimBot":0.03194444444444444,"width":1280,"height":720}},"34-59-68.jpg":{"algoVersion":1,"size":40617,"mtimeMs":1782667738404.2502,"box":{"trimTop":0.2263888888888889,"trimBot":0.03194444444444444,"width":1280,"height":720}},"0-16-25.jpg":{"algoVersion":1,"size":43729,"mtimeMs":1782667696606.4749,"box":{"trimTop":0.21944444444444444,"trimBot":0.03194444444444444,"width":1280,"height":720}},"233-266-274.jpg":{"algoVersion":1,"size":54281,"mtimeMs":1782667817122.6172,"box":{"trimTop":0.19583333333333333,"trimBot":0.03194444444444444,"width":1280,"height":720}},"34-37-46.jpg":{"algoVersion":1,"size":57885,"mtimeMs":1782667725266.4639,"box":{"trimTop":0.2222222222222222,"trimBot":0.03194444444444444,"width":1280,"height":720}},"307-332-341.jpg":{"algoVersion":1,"size":43957,"mtimeMs":1782667862401.8638,"box":{"trimTop":0.2791666666666667,"trimBot":0.03194444444444444,"width":1280,"height":720}},"69-148-158.jpg":{"algoVersion":1,"size":43951,"mtimeMs":1782667639402.412,"box":{"trimTop":0.25,"trimBot":0.03194444444444444,"width":1280,"height":720}},"160-171-180.jpg":{"algoVersion":1,"size":53202,"mtimeMs":1782667770110.867,"box":{"trimTop":0.17083333333333334,"trimBot":0.03194444444444444,"width":1280,"height":720}},"160-214-222.jpg":{"algoVersion":1,"size":46486,"mtimeMs":1782667783213.2239,"box":{"trimTop":0.25555555555555554,"trimBot":0.03194444444444444,"width":1280,"height":720}},"160-195-202.jpg":{"algoVersion":1,"size":47523,"mtimeMs":1782667776759.15,"box":{"trimTop":0.19305555555555556,"trimBot":0.03194444444444444,"width":1280,"height":720}},"233-251-260.jpg":{"algoVersion":1,"size":53376,"mtimeMs":1782667810664.595,"box":{"trimTop":0.2388888888888889,"trimBot":0.03194444444444444,"width":1280,"height":720}},"307-320-330.jpg":{"algoVersion":1,"size":48600,"mtimeMs":1782667855735.0059,"box":{"trimTop":0.2361111111111111,"trimBot":0.03194444444444444,"width":1280,"height":720}},"307-343-350.jpg":{"algoVersion":1,"size":51925,"mtimeMs":1782667869093.43,"box":{"trimTop":0.24722222222222223,"trimBot":0.03194444444444444,"width":1280,"height":720}},"307-309-319.jpg":{"algoVersion":1,"size":56431,"mtimeMs":1782667848932.4324,"box":{"trimTop":0.24305555555555555,"trimBot":0.03194444444444444,"width":1280,"height":720}}}