{"6-117-128.jpg":{"algoVersion":1,"size":33269,"mtimeMs":1782831030626.0906,"box":{"trimTop":0.14027777777777778,"trimBot":0.17083333333333334,"width":1280,"height":720}},"374-603-611.jpg":{"algoVersion":1,"size":81231,"mtimeMs":1782831227798.261,"box":{"trimTop":0.10694444444444444,"trimBot":0.11388888888888889,"width":1280,"height":720}},"6-161-173.jpg":{"algoVersion":1,"size":40893,"mtimeMs":1782831043361.2942,"box":{"trimTop":0.09305555555555556,"trimBot":0.1111111111111111,"width":1280,"height":720}},"374-517-540.jpg":{"algoVersion":1,"size":47308,"mtimeMs":1782831222945.726,"box":{"trimTop":0.15,"trimBot":0.3138888888888889,"width":1280,"height":720}},"6-81-94.jpg":{"algoVersion":1,"size":48938,"mtimeMs":1782831016316.6018,"box":{"trimTop":0.10555555555555556,"trimBot":0.16527777777777777,"width":1280,"height":720}},"374-392-432.jpg":{"algoVersion":1,"size":32897,"mtimeMs":1782831209944.3054,"box":null},"186-305-323.jpg":{"algoVersion":1,"size":44290,"mtimeMs":1782831099437.0808,"box":{"trimTop":0.12638888888888888,"trimBot":0.2972222222222222,"width":1280,"height":720}},"186-237-247.jpg":{"algoVersion":1,"size":34731,"mtimeMs":1782831092801.2305,"box":{"trimTop":0.12777777777777777,"trimBot":0.13333333333333333,"width":1280,"height":720}}}