{"57-77-88.jpg":{"algoVersion":1,"size":38911,"mtimeMs":1782846849971.8245,"box":{"trimTop":0.13194444444444445,"trimBot":0.07777777777777778,"width":1280,"height":720}}}