{"269-378-418.jpg":{"algoVersion":1,"size":124157,"mtimeMs":1782752006507.3818,"box":{"trimTop":0.11666666666666667,"trimBot":0,"width":1280,"height":720}},"269-418-525.jpg":{"algoVersion":1,"size":118762,"mtimeMs":1782752018303.5544,"box":null},"269-269-312.jpg":{"algoVersion":1,"size":84742,"mtimeMs":1782751994473.5688,"box":{"trimTop":0.10694444444444444,"trimBot":0,"width":1280,"height":720}},"12-206-232.jpg":{"algoVersion":1,"size":150917,"mtimeMs":1782752223434.176,"box":null},"12-85-117.jpg":{"algoVersion":1,"size":143838,"mtimeMs":1782785255628.7083,"box":null},"12-140-142.jpg":{"algoVersion":1,"size":209842,"mtimeMs":1782752207036.4172,"box":null},"646-938-972.jpg":{"algoVersion":1,"size":97372,"mtimeMs":1782752338651.7334,"box":{"trimTop":0.11805555555555555,"trimBot":0,"width":1280,"height":720}},"646-1009-1041.jpg":{"algoVersion":1,"size":142184,"mtimeMs":1782752352160.1938,"box":null},"646-729-745.jpg":{"algoVersion":1,"size":170076,"mtimeMs":1782752304529.9255,"box":{"trimTop":0.05277777777777778,"trimBot":0,"width":1280,"height":720}},"646-677-694.jpg":{"algoVersion":1,"size":169392,"mtimeMs":1782752293553.247,"box":null},"646-864-915.jpg":{"algoVersion":1,"size":115626,"mtimeMs":1782752316402.6465,"box":null},"1073-1079-1146.jpg":{"algoVersion":1,"size":107546,"mtimeMs":1782752410529.7136,"box":null},"1073-1146-1209.jpg":{"algoVersion":1,"size":95633,"mtimeMs":1782752423514.4912,"box":null},"1073-1209-1265.jpg":{"algoVersion":1,"size":185608,"mtimeMs":1782785536534.2263,"box":{"trimTop":0.06666666666666667,"trimBot":0,"width":1280,"height":720}},"1306-1433-1435.jpg":{"algoVersion":1,"size":119572,"mtimeMs":1782752533311.7607,"box":null},"1306-1422-1426.jpg":{"algoVersion":1,"size":112285,"mtimeMs":1782752523737.1497,"box":null},"1306-1338-1348.jpg":{"algoVersion":1,"size":138937,"mtimeMs":1782752503735.437,"box":null},"1306-1460-1461.jpg":{"algoVersion":1,"size":94787,"mtimeMs":1782752543512.5786,"box":null},"1306-1381-1384.jpg":{"algoVersion":1,"size":124859,"mtimeMs":1782752513720.8774,"box":{"trimTop":0.1638888888888889,"trimBot":0,"width":1280,"height":720}},"1939-1952-1996.jpg":{"algoVersion":1,"size":150995,"mtimeMs":1782752593633.6191,"box":null},"1939-2024-2075.jpg":{"algoVersion":1,"size":143535,"mtimeMs":1782785709010.2434,"box":null},"2172-2172-2247.jpg":{"algoVersion":1,"size":159122,"mtimeMs":1782785756410.9224,"box":{"trimTop":0.08194444444444444,"trimBot":0,"width":1280,"height":720}},"12-201-232.jpg":{"algoVersion":1,"size":149999,"mtimeMs":1782785273485.322,"box":null},"269-604-621.jpg":{"algoVersion":1,"size":98781,"mtimeMs":1782785358510.0925,"box":null},"269-433-480.jpg":{"algoVersion":1,"size":108787,"mtimeMs":1782785331438.6494,"box":null},"269-534-595.jpg":{"algoVersion":1,"size":148362,"mtimeMs":1782785343430.2537,"box":{"trimTop":0.07083333333333333,"trimBot":0,"width":1280,"height":720}},"646-937-972.jpg":{"algoVersion":1,"size":97372,"mtimeMs":1782785441038.8445,"box":{"trimTop":0.11805555555555555,"trimBot":0,"width":1280,"height":720}},"646-1009-1073.jpg":{"algoVersion":1,"size":142184,"mtimeMs":1782785454680.9937,"box":null},"646-778-790.jpg":{"algoVersion":1,"size":136397,"mtimeMs":1782785428914.2073,"box":null},"646-732-745.jpg":{"algoVersion":1,"size":169931,"mtimeMs":1782785414291.924,"box":{"trimTop":0.05277777777777778,"trimBot":0,"width":1280,"height":720}},"1073-1146-1208.jpg":{"algoVersion":1,"size":95633,"mtimeMs":1782785524532.773,"box":null},"1073-1073-1079.jpg":{"algoVersion":1,"size":146628,"mtimeMs":1782785497867.936,"box":null},"1073-1079-1145.jpg":{"algoVersion":1,"size":107546,"mtimeMs":1782785511568.3364,"box":null},"1306-1338-1360.jpg":{"algoVersion":1,"size":138937,"mtimeMs":1782785591479.2493,"box":null},"1306-1824-1852.jpg":{"algoVersion":1,"size":109900,"mtimeMs":1782785615527.4187,"box":null},"1306-1460-1530.jpg":{"algoVersion":1,"size":119087,"mtimeMs":1782785603271.2856,"box":null},"1306-1740-1779.jpg":{"algoVersion":1,"size":134847,"mtimeMs":1782785650022.138,"box":null},"1939-1951-1996.jpg":{"algoVersion":1,"size":150995,"mtimeMs":1782785697246.7397,"box":null}}